County_Key,Volume,Count,State_Code,Average
02Matanuska-Susitna,1646415,12336,2,133
02Anchorage,13931537,67512,2,206
02nan,1664146,34200,2,48
02Kenai Peninsula,1660719,13488,2,123
02Kodiak Island,135192,1488,2,90
02Fairbanks North Star,6138357,52416,2,117
02Petersburg,26060,1440,2,18
02Juneau,1394003,10992,2,126
02Sitka,587439,4416,2,133
02Haines,19062,1440,2,13
02Skagway,5012,1440,2,3
02Ketchikan Gateway,522103,4464,2,116
01Jackson,408096,2880,1,141
01St. Clair,1820466,7056,1,258
01Coffee,104922,1152,1,91
01Monroe,114159,1440,1,79
01Mobile,5383838,18192,1,295
01Elmore,443541,2880,1,154
01Colbert,2050744,9336,1,219
01Jefferson,32853103,63456,1,517
01Dallas,110989,3504,1,31
01Shelby,3323757,10224,1,325
01Macon,1120992,4368,1,256
01Cleburne,591511,3168,1,186
01Baldwin,5109556,25680,1,198
01Barbour,163251,2304,1,70
01Bullock,19836,864,1,22
01Franklin,260746,2880,1,90
01Fayette,57711,1440,1,40
01Clarke,316669,3528,1,89
01Houston,1640705,8976,1,182
01Crenshaw,105793,1296,1,81
01Pike,346501,1824,1,189
01Montgomery,7776226,22560,1,344
01Autauga,73333,1440,1,50
01Chambers,888825,2880,1,308
01Chilton,929724,2880,1,322
01Randolph,130368,1392,1,93
01nan,1740088,5616,1,309
01Talladega,518168,2880,1,179
01Marshall,681865,2688,1,253
01Etowah,2469629,12288,1,200
01Lee,1388162,5664,1,245
01Pickens,156772,2880,1,54
01Escambia,1145143,6816,1,168
01Madison,10867281,30144,1,360
01Limestone,3742459,11160,1,335
01Tuscaloosa,1278893,2784,1,459
01Greene,42593,1200,1,35
01Morgan,102444,1392,1,73
01Blount,189276,1392,1,135
01Conecuh,384153,2112,1,181
01Walker,533966,4320,1,123
01Lauderdale,437398,4080,1,107
01Sumter,452944,2496,1,181
01Perry,293164,2976,1,98
01Washington,241924,2976,1,81
01Henry,243753,2880,1,84
01Bibb,402617,2976,1,135
01Dale,480130,2784,1,172
05Ashley,62606,1344,5,46
05Boone,259818,2976,5,87
05Calhoun,178912,2688,5,66
05Carroll,73741,1488,5,49
05Clark,818048,2976,5,274
05Craighead,633594,3720,5,170
05Crawford,1007957,6672,5,151
05Crittenden,257925,1536,5,167
05Faulkner,229677,2592,5,88
05Grant,37285,1488,5,25
05Greene,76125,1488,5,51
05Hempstead,39819,1248,5,31
05Hot Spring,801911,3792,5,211
05Jefferson,1188852,5760,5,206
05Johnson,401074,1728,5,232
05Lafayette,31525,1440,5,21
05Lawrence,244743,1488,5,164
05Logan,140336,1488,5,94
05Lonoke,915312,2784,5,328
05Miller,1181064,7968,5,148
05Monroe,89324,1488,5,60
05Pope,28287,1488,5,19
05Pulaski,5550655,13800,5,402
05Saline,240103,1440,5,166
05Scott,100990,1488,5,67
05Sebastian,926604,2208,5,419
05Sharp,42683,1344,5,31
05Union,366123,4320,5,84
05Washington,494548,1536,5,321
05White,529885,5568,5,95
05Jackson,34843,1440,5,24
05Woodruff,115846,1488,5,77
05Yell,182834,2928,5,62
04Yuma,898967,1392,4,645
04Maricopa,51094891,27408,4,1864
04La Paz,1408815,6768,4,208
04nan,426762625,165264,4,2582
04Pinal,2537057,5232,4,484
04Pima,10185840,13104,4,777
04Santa Cruz,1105935,4080,4,271
04Mohave,901191,4272,4,210
04Navajo,603411,5568,4,108
04Yavapai,1429351,5760,4,248
04Greenlee,6269,1200,4,5
04Cochise,611636,6576,4,93
04Coconino,769339,8016,4,95
04Gila,657312,4848,4,135
04Apache,110328,5064,4,21
04Graham,627428,2976,4,210
06Humboldt,3269834,10968,6,298
06nan,4895662,11760,6,416
06Mendocino,939962,4680,6,200
06Lake,406386,2136,6,190
06Del Norte,214065,1488,6,143
06Lassen,372567,3264,6,114
06Shasta,9297639,18840,6,493
06Tehama,1859714,2976,6,624
06Trinity,125397,1488,6,84
06Siskiyou,1117845,3912,6,285
06Modoc,71172,1488,6,47
06Sacramento,75662913,27000,6,2802
06Yolo,7723767,7368,6,1048
06Placer,19107404,14808,6,1290
06Butte,2037665,2880,6,707
06Nevada,434244,744,6,583
06Yuba,3181392,4368,6,728
06Sutter,3379171,7296,6,463
06Plumas,623055,3696,6,168
06El Dorado,980528,4032,6,243
06Glenn,327864,1488,6,220
06Solano,6050396,4296,6,1408
06Sonoma,2342245,864,6,2710
06Santa Clara,6182606,4128,6,1497
06Contra Costa,13128117,4224,6,3107
06San Mateo,9384284,3480,6,2696
06Napa,976828,1392,6,701
06San Luis Obispo,7334509,8088,6,906
06Santa Barbara,7566289,4368,6,1732
06Monterey,623832,1392,6,448
06Kern,21267098,16968,6,1253
06Kings,917633,1344,6,682
06Tulare,5700321,7920,6,719
06Fresno,14744582,6768,6,2178
06Madera,2986935,2640,6,1131
06Los Angeles,118471709,27816,6,4259
06Ventura,8988965,5016,6,1792
06San Bernardino,10846605,7320,6,1481
06Riverside,7167836,4272,6,1677
06Inyo,1861535,12192,6,152
06Mono,586299,8784,6,66
06Merced,2183554,4032,6,541
06San Joaquin,2737599,3360,6,814
06Stanislaus,2869783,1392,6,2061
06Tuolumne,295366,1392,6,212
06San Diego,39793533,13848,6,2873
06Imperial,2214439,8640,6,256
06Orange,46632322,10080,6,4626
08Phillips,45749,1344,8,34
08Arapahoe,2302366,4368,8,527
08nan,2200688,1488,8,1478
08Boulder,2787891,2976,8,936
08Jefferson,9515089,8688,8,1095
08Weld,2811594,9264,8,303
08Larimer,4803728,8688,8,552
08El Paso,6364700,12240,8,519
08Eagle,1330063,2160,8,615
08Douglas,7679195,9456,8,812
08Lincoln,287239,4032,8,71
08Mesa,406182,2928,8,138
08Las Animas,240517,1488,8,161
08Broomfield,2724571,1440,8,1892
08Garfield,1617099,5304,8,304
08Summit,2871702,7200,8,398
08Kit Carson,197102,2448,8,80
08Logan,287127,4080,8,70
08Clear Creek,1422354,2688,8,529
08Huerfano,12714,1152,8,11
08Yuma,31693,1488,8,21
08Moffat,150597,2736,8,55
08Gunnison,183216,2976,8,61
08Otero,88004,1488,8,59
08Morgan,45659,1488,8,30
08Grand,11843,1392,8,8
08La Plata,1373908,4464,8,307
08Rio Grande,197005,1488,8,132
08Chaffee,176680,1488,8,118
08Montezuma,246517,2400,8,102
08Teller,542820,2640,8,205
08Routt,282804,2544,8,111
08Rio Blanco,47361,1392,8,34
08Pitkin,555173,1488,8,373
08Alamosa,141331,1488,8,94
08Fremont,66552,1488,8,44
08Pueblo,2314786,5616,8,412
08Costilla,63495,864,8,73
08Delta,112722,1488,8,75
08Crowley,41268,1488,8,27
08Gilpin,202414,1632,8,124
08Denver,9892648,3792,8,2608
08Adams,13093343,10848,8,1206
09New Haven,2838103,5952,9,476
09nan,19752308,20832,9,948
09New London,4306616,8184,9,526
09Middlesex,6929998,8928,9,776
09Fairfield,1995928,1488,9,1341
09Windham,1212738,1488,9,815
11District of Columbia,695765,2232,11,311
11nan,2516656,1488,11,1691
10New Castle,17559427,72528,10,242
10Kent,7863463,38184,10,205
10nan,314255,8064,10,38
10Sussex,9384680,62904,10,149
12Charlotte,3141553,8832,12,355
12Citrus,1196799,5952,12,201
12Collier,8224850,22272,12,369
12DeSoto,560897,5856,12,95
12Glades,108662,1488,12,73
12Hendry,904043,5952,12,151
12Hernando,591506,4464,12,132
12Highlands,419633,4464,12,94
12Hillsborough,14371426,34920,12,411
12Lake,2792281,8880,12,314
12nan,4464584,24648,12,181
12Lee,1661148,4464,12,372
12Manatee,2923887,10416,12,280
12Pasco,2859998,8448,12,338
12Pinellas,3682845,12600,12,292
12Polk,7719144,26664,12,289
12Sarasota,6112265,11040,12,553
12Sumter,2487394,5808,12,428
12Alachua,3921294,15624,12,250
12Baker,79821,1488,12,53
12Bradford,813180,4464,12,182
12Columbia,1536290,9144,12,168
12Dixie,62148,1488,12,41
12Hamilton,1197708,7440,12,160
12Lafayette,121780,2976,12,40
12Levy,946615,10416,12,90
12Madison,264820,2976,12,88
12Marion,4801178,13392,12,358
12Suwannee,820903,4200,12,195
12Taylor,49083,1392,12,35
12Bay,1217982,11376,12,107
12Calhoun,446665,5856,12,76
12Escambia,6386097,24000,12,266
12Franklin,76017,1440,12,52
12Gadsden,1287181,10416,12,123
12Gulf,62124,1440,12,43
12Holmes,62051,1488,12,41
12Jackson,1723552,13392,12,128
12Jefferson,186657,4464,12,41
12Leon,3864793,17112,12,225
12Liberty,71571,1488,12,48
12Okaloosa,4853351,19992,12,242
12Santa Rosa,533863,7440,12,71
12Wakulla,479008,2928,12,163
12Walton,2570371,11808,12,217
12Washington,904145,7440,12,121
12Brevard,6470762,20832,12,310
12Clay,1606330,7440,12,215
12Duval,12284332,25080,12,489
12Flagler,2900263,10248,12,283
12Nassau,1980298,7368,12,268
12Orange,13151354,31104,12,422
12Putnam,833613,5952,12,140
12Seminole,5675832,8928,12,635
12St. Johns,2735123,10416,12,262
12Volusia,5387319,16368,12,329
12Broward,24464188,51816,12,472
12Miami-Dade,29443949,58752,12,501
12Indian River,1009874,7440,12,135
12Martin,3769129,10272,12,366
12Monroe,2713048,7440,12,364
12Osceola,3391937,11760,12,288
12Palm Beach,28310939,59496,12,475
12St. Lucie,4081035,18600,12,219
13DeKalb,27597103,45840,13,602
13Fulton,51705172,88248,13,585
13Meriwether,952329,2208,13,431
13nan,12502414,23616,13,529
13Houston,2216271,10656,13,207
13Troup,2688068,12528,13,214
13Chatham,13517989,40752,13,331
13Atkinson,222916,5280,13,42
13Lowndes,1617529,6192,13,261
13Clayton,18695664,33672,13,555
13Glynn,2923695,17568,13,166
13Bacon,134850,2880,13,46
13Hart,1554547,7440,13,208
13Barrow,230625,1440,13,160
13Pickens,1054013,7200,13,146
13Bartow,3458909,10176,13,339
13Bulloch,273244,1824,13,149
13Camden,1943078,6000,13,323
13Clarke,2771003,12840,13,215
13Decatur,297329,2784,13,106
13Fannin,540850,3792,13,142
13Floyd,1389204,6672,13,208
13Hall,618472,3552,13,174
13Jenkins,86715,1440,13,60
13Lumpkin,838340,4272,13,196
13Mitchell,158452,2784,13,56
13Thomas,378643,5088,13,74
13Towns,26410,1440,13,18
13Ware,594033,2880,13,206
13Gwinnett,20563116,31056,13,662
13Cobb,7212704,15168,13,475
13Richmond,4636541,14472,13,320
13Butts,2189844,4464,13,490
13Dougherty,485119,2976,13,163
13Bibb,9835588,37392,13,263
13Peach,998300,2016,13,495
13Harris,996009,2976,13,334
13Taylor,6812,816,13,8
13Catoosa,2801806,4464,13,627
13Haralson,865136,2880,13,300
13Henry,1410157,3720,13,379
13McIntosh,1530992,7392,13,207
13Cherokee,90757,1200,13,75
13Forsyth,158059,1488,13,106
13Habersham,33717,1488,13,22
13Oconee,128428,1488,13,86
13Crisp,210067,2880,13,72
13Jeff Davis,199422,2880,13,69
13Brantley,215136,2880,13,74
13Fayette,173152,1440,13,120
13Bryan,1820606,8736,13,208
13Pierce,48976,2976,13,16
13Clinch,92974,1824,13,50
13Laurens,709824,7296,13,97
13Treutlen,471173,2976,13,158
13Montgomery,126741,1488,13,85
13Taliaferro,527873,2304,13,229
13Muscogee,2506128,7824,13,320
13Douglas,2036501,4320,13,471
13Dade,2196749,6840,13,321
13Jackson,1672272,2976,13,561
13Murray,256784,2784,13,92
13Coweta,282891,2496,13,113
13Monroe,910822,2784,13,327
13Liberty,359712,4320,13,83
13Appling,27042,2112,13,12
13Lee,358222,2688,13,133
13Baldwin,253958,1440,13,176
13Ben Hill,87348,1248,13,69
13Gilmer,257662,1296,13,198
13Walker,942585,5760,13,163
13Emanuel,100521,1392,13,72
13Warren,639114,2880,13,221
13Morgan,643662,2496,13,257
13Tift,1138249,4464,13,254
15Hawaii,2673929,11304,15,236
15Honolulu,67674192,139296,15,485
15Kauai,2962007,13560,15,218
15Maui,9427847,32448,15,290
15nan,11043324,14880,15,742
19Pottawattamie,1458885,11712,19,124
19Mills,331065,2976,19,111
19Poweshiek,622167,2880,19,216
19Hamilton,611195,4992,19,122
19Monona,187388,1632,19,114
19Decatur,369756,4464,19,82
19Cerro Gordo,1335364,11712,19,114
19Iowa,768813,2976,19,258
19Benton,596145,4416,19,134
19Cass,516701,4176,19,123
19Dallas,1189814,5856,19,203
19Polk,5850888,21288,19,274
19Scott,4047032,16608,19,243
19Cedar,987546,4464,19,221
19Wright,431848,5952,19,72
19Johnson,2844208,11712,19,242
19Plymouth,354259,2880,19,123
19Henry,311513,2880,19,108
19Story,1072142,8832,19,121
19Delaware,121071,2928,19,41
19Black Hawk,504591,5136,19,98
19Chickasaw,78439,1536,19,51
19Floyd,230986,2976,19,77
19Osceola,90754,2976,19,30
19Hardin,222012,2976,19,74
19Ida,95197,1488,19,63
19Webster,146125,1440,19,101
19Davis,102901,2976,19,34
19Clayton,62584,1488,19,42
19Lee,232869,3168,19,73
19Crawford,84626,1488,19,56
19Greene,219749,4464,19,49
19Buena Vista,80565,1488,19,54
19Palo Alto,78987,1488,19,53
19Lucas,56810,1440,19,39
19Marion,308436,2976,19,103
19Dubuque,686693,5016,19,136
19Howard,79413,1488,19,53
19Wapello,201586,2976,19,67
19Jones,292470,2976,19,98
19Jackson,17105,1440,19,11
19Allamakee,47149,1392,19,33
19Calhoun,138998,3888,19,35
19Tama,1002,744,19,1
19Monroe,2696,744,19,3
19Clay,206527,2880,19,71
19Linn,4833221,16368,19,295
19Warren,2812911,9528,19,295
19nan,583116,2160,19,269
19Dickinson,310226,2976,19,104
19Audubon,124703,2976,19,41
19Marshall,156863,2976,19,52
19Mitchell,136878,2976,19,45
19Fayette,167257,2976,19,56
19Woodbury,401128,2976,19,134
16Kootenai,7279636,34656,16,210
16Ada,35404560,126744,16,279
16Twin Falls,546546,8952,16,61
16Bannock,6518926,47664,16,136
16Nez Perce,491751,6912,16,71
16Gooding,562078,4416,16,127
16Canyon,19216514,71808,16,267
16Bear Lake,128242,5856,16,21
16Bonneville,2447862,17616,16,138
16Lemhi,76457,4224,16,18
16Lincoln,79869,1488,16,53
16Latah,1171524,12864,16,91
16Boundary,220528,5376,16,41
16Butte,68596,4272,16,16
16Cassia,701564,10656,16,65
16Lewis,132966,3720,16,35
16Oneida,414385,5088,16,81
16Adams,149764,4416,16,33
16Bonner,1465751,17856,16,82
16Blaine,379694,2976,16,127
16Fremont,80132,5088,16,15
16Franklin,184983,3696,16,50
16Owyhee,49254,2976,16,16
16Idaho,172262,8736,16,19
16Valley,221247,2976,16,74
16Washington,215477,2976,16,72
16Jefferson,668926,5088,16,131
16Boise,315108,8736,16,36
16Elmore,392027,4176,16,93
16Custer,17561,2832,16,6
16Madison,54606,1488,16,36
16Caribou,112966,2976,16,37
16Teton,414763,4464,16,92
16Bingham,574423,4464,16,128
16Jerome,1873620,9792,16,191
16Power,519610,5856,16,88
16Shoshone,144078,2976,16,48
16Clark,77440,4464,16,17
16Gem,53427,1440,16,37
16Payette,1352768,10944,16,123
16Benewah,46942,1488,16,31
16nan,1101207,12048,16,91
17Cook,3058948,912,17,3354
17nan,4940257,6384,17,773
17DuPage,2260850,864,17,2616
17McHenry,107919,768,17,140
17Will,1071372,768,17,1395
17Henry,340833,1680,17,202
17Ogle,170551,336,17,507
17Winnebago,138119,720,17,191
17Fulton,172170,1728,17,99
17Tazewell,188229,816,17,230
17Peoria,622257,1584,17,392
17Macon,254038,912,17,278
17Clark,302072,816,17,370
17Champaign,345959,768,17,450
17Sangamon,3844447,5328,17,721
17Adams,82157,408,17,201
17Morgan,108986,816,17,133
17Effingham,281634,864,17,325
17Jefferson,597100,1344,17,444
17Jasper,35302,816,17,43
17St. Clair,2188965,2784,17,786
17Madison,1926609,3264,17,590
17Jersey,76535,768,17,99
17Massac,454778,864,17,526
17Franklin,23964,480,17,49
17Jackson,396187,1440,17,275
18Adams,255178,2592,18,98
18Allen,588740,1440,18,408
18nan,2026628,12048,18,168
18Benton,80651,2880,18,28
18Boone,1725236,4320,18,399
18Carroll,121476,1488,18,81
18Cass,34407,1488,18,23
18Clark,1373156,4032,18,340
18Clay,50023,1488,18,33
18Crawford,107728,1488,18,72
18Daviess,216929,1344,18,161
18Dearborn,1015479,5184,18,195
18Delaware,1124621,2976,18,377
18Dubois,107909,1488,18,72
18Spencer,537583,4224,18,127
18Elkhart,149653,1488,18,100
18Floyd,2506953,5952,18,421
18Gibson,390631,4176,18,93
18Grant,685076,2880,18,237
18Hamilton,1036121,2976,18,348
18Hancock,1086918,5760,18,188
18Huntington,699248,2976,18,234
18Jefferson,44598,576,18,77
18Knox,22180,864,18,25
18Kosciusko,333588,1488,18,224
18Lake,12499985,25464,18,490
18LaPorte,505618,3600,18,140
18Madison,276841,1488,18,186
18Marion,21682034,61656,18,351
18Miami,171957,2016,18,85
18Montgomery,63967,1488,18,42
18Morgan,191203,1488,18,128
18Porter,830932,2976,18,279
18Posey,672060,5280,18,127
18Randolph,19107,1008,18,18
18Ripley,95910,1440,18,66
18Rush,127006,1488,18,85
18St. Joseph,643559,2400,18,268
18Tippecanoe,1753786,6720,18,260
18Vanderburgh,2376891,8640,18,275
18Vermillion,388835,2784,18,139
18Vigo,391310,2208,18,177
18Warrick,27859,1488,18,18
18Wayne,814269,2592,18,314
18Wells,54919,1488,18,36
18White,943903,4176,18,226
20Hamilton,38940,1488,20,26
20Wallace,13673,1488,20,9
20Sherman,213349,2880,20,74
20Greeley,21386,1488,20,14
20Grant,48236,1488,20,32
20Wichita,36858,1488,20,24
20Thomas,72898,2976,20,24
20Finney,129965,1488,20,87
20Logan,58221,1488,20,39
20Meade,111913,1488,20,75
20Sheridan,22011,1488,20,14
20Gove,9657,1488,20,6
20Ford,209201,5952,20,35
20Norton,21521,1200,20,17
20Hodgeman,24491,1488,20,16
20Trego,243527,2784,20,87
20Kiowa,170455,2976,20,57
20Phillips,61558,1488,20,41
20Pawnee,62311,1488,20,41
20Stafford,68903,1440,20,47
20Rice,177657,2592,20,68
20Ellsworth,286795,4464,20,64
20Reno,57875,1488,20,38
20Kingman,134703,2976,20,45
20Jewell,48381,1488,20,32
20Lincoln,26031,1488,20,17
20Mitchell,28959,2976,20,9
20Harper,39612,1488,20,26
20Republic,137747,2976,20,46
20McPherson,367901,2976,20,123
20Sedgwick,8254717,29784,20,277
20Saline,378944,2760,20,137
20Sumner,48538,1488,20,32
20Harvey,165373,1488,20,111
20Clay,62360,2976,20,20
20Cowley,310872,2976,20,104
20Geary,557308,5856,20,95
20Butler,94897,3336,20,28
20Riley,817988,5952,20,137
20Marshall,62678,1488,20,42
20Lyon,106904,1488,20,71
20Wabaunsee,549789,2976,20,184
20Shawnee,3646897,18480,20,197
20Chautauqua,64367,1488,20,43
20Woodson,85512,2928,20,29
20Coffey,283484,2304,20,123
20Jackson,169031,1488,20,113
20Brown,124125,2976,20,41
20Osage,66187,1488,20,44
20Jefferson,27830,1488,20,18
20Douglas,237931,2976,20,79
20Allen,73678,1488,20,49
20Neosho,199949,2976,20,67
20Franklin,740199,4464,20,165
20Labette,148651,2976,20,49
20Anderson,94905,2976,20,31
20Johnson,4049561,12648,20,320
20Wyandotte,520967,1296,20,401
20Bourbon,173281,2976,20,58
21Adair,79680,1488,21,53
21Barren,282904,2976,21,95
21Bell,87886,960,21,91
21Boone,2990494,5952,21,502
21Boyle,616919,2976,21,207
21Bullitt,810409,2592,21,312
21Butler,50112,1488,21,33
21nan,6390579,16368,21,390
21Carter,452085,4464,21,101
21Clark,340173,2976,21,114
21Daviess,872026,2592,21,336
21Elliott,85548,1488,21,57
21Estill,29783,1488,21,20
21Fayette,2644190,7632,21,346
21Floyd,341527,4464,21,76
21Franklin,112848,1488,21,75
21Grant,1394126,5952,21,234
21Graves,34909,1488,21,23
21Grayson,52795,1488,21,35
21Hancock,141819,1488,21,95
21Hardin,517081,2976,21,173
21Harlan,179098,1488,21,120
21Henderson,1138312,2976,21,382
21Henry,813142,2976,21,273
21Jefferson,11193721,22488,21,497
21Jessamine,521799,2976,21,175
21Kenton,4219110,5040,21,837
21Laurel,4916,48,21,102
21Lewis,128943,1488,21,86
21Logan,108257,2976,21,36
21Lyon,703278,2976,21,236
21McCracken,91050,1488,21,61
21Marion,193838,1008,21,192
21Marshall,83725,1296,21,64
21Mercer,422279,2976,21,141
21Nelson,280053,2976,21,94
21Ohio,25959,1488,21,17
21Owen,86291,1488,21,57
21Owsley,104729,1488,21,70
21Pendleton,93832,1488,21,63
21Pulaski,196616,1488,21,132
21Russell,37105,1488,21,24
21Shelby,1101114,4464,21,246
21Simpson,203041,720,21,282
21Union,70640,1488,21,47
21Warren,1848600,7440,21,248
21Whitley,696824,2976,21,234
21Wolfe,25968,1488,21,17
21Woodford,960459,5856,21,164
22East Baton Rouge,2173156,5184,22,419
22Orleans,593827,2976,22,199
22Allen,279001,4320,22,64
22Rapides,336620,4032,22,83
22Caldwell,60317,1488,22,40
22Tangipahoa,667767,4368,22,152
22West Baton Rouge,2353483,5760,22,408
22Evangeline,583057,5952,22,97
22Calcasieu,1730429,3072,22,563
22Avoyelles,67563,1440,22,46
22St. John the Baptist,1639968,4128,22,397
22Grant,3553,96,22,37
22LaSalle,24254,432,22,56
22Franklin,25014,384,22,65
22Richland,96685,1440,22,67
22Claiborne,62890,1440,22,43
22Winn,35758,1248,22,28
22West Feliciana,332762,2496,22,133
22East Feliciana,115174,1152,22,99
22Washington,193736,1488,22,130
22St. Bernard,90547,1488,22,60
22Ascension,428375,2976,22,143
22Iberville,7128,96,22,74
22Vermilion,349373,1488,22,234
22Lafayette,983091,2496,22,393
22Pointe Coupee,1827,48,22,38
22Caddo,55963,1440,22,38
22Sabine,35026,1440,22,24
22Bossier,1199012,2880,22,416
22St. Tammany,1383966,3744,22,369
22Ouachita,1744874,5856,22,297
22St. Mary,422197,2976,22,141
25Franklin,334905,1080,25,310
25Bristol,5226563,6000,25,871
25Middlesex,3493775,3672,25,951
25Essex,1470660,2088,25,704
25Plymouth,2263283,2592,25,873
25Worcester,2624314,2592,25,1012
25Hampden,753158,1104,25,682
25Suffolk,152173,168,25,905
25Hampshire,323578,1248,25,259
25Berkshire,605645,2472,25,245
25Norfolk,2445264,720,25,3396
25Barnstable,1610033,2400,25,670
24Washington,1817938,4464,24,407
24Frederick,5191440,7440,24,697
24Montgomery,11756036,4080,24,2881
24Charles,1764761,2928,24,602
24Prince George's,7342831,4992,24,1470
24Queen Anne's,95731,1488,24,64
24Wicomico,1579304,2976,24,530
24Somerset,869810,2976,24,292
24Harford,1183135,2976,24,397
24Baltimore,40022948,17856,24,2241
24Howard,12732947,7440,24,1711
24Kent,121984,1488,24,81
24Dorchester,412197,1488,24,277
24Anne Arundel,9446742,8880,24,1063
24Talbot,743438,1488,24,499
24Allegany,1489749,4464,24,333
24Garrett,752450,2976,24,252
24Worcester,916008,4464,24,205
24Cecil,243194,1488,24,163
24Calvert,680211,1488,24,457
24nan,1049210,12816,24,81
23nan,7982461,49848,23,160
23Lincoln,229399,1488,23,154
23Knox,324658,1488,23,218
23Penobscot,97314,744,23,130
23Androscoggin,308300,2232,23,138
23Hancock,566470,4464,23,126
23Waldo,249451,1488,23,167
23York,69924,744,23,93
23Cumberland,64112,744,23,86
23Somerset,23928,744,23,32
23Franklin,612929,744,23,823
23Oxford,86491,744,23,116
26Alger,57732,1344,26,42
26Allegan,477904,1488,26,321
26Alpena,136121,1488,26,91
26Arenac,194177,1488,26,130
26Baraga,91677,1440,26,63
26Bay,2660958,5952,26,447
26Berrien,402611,1488,26,270
26nan,3848580,8928,26,431
26Branch,468939,1488,26,315
26Calhoun,2637721,5952,26,443
26Chippewa,40731,1488,26,27
26Clare,124927,1488,26,83
26Clinton,1159507,2928,26,396
26Delta,397464,2784,26,142
26Dickinson,77285,1488,26,51
26Eaton,1914235,2976,26,643
26Genesee,5039294,7440,26,677
26Gogebic,120415,1488,26,80
26Grand Traverse,744034,2928,26,254
26Gratiot,158722,2976,26,53
26Hillsdale,168586,1488,26,113
26Ingham,5256436,7248,26,725
26Ionia,938189,1488,26,630
26Iron,28155,1488,26,18
26Jackson,1603505,2928,26,547
26Kalamazoo,2711397,2904,26,933
26Kalkaska,306615,2928,26,104
26Kent,7411642,7320,26,1012
26Ottawa,4825224,4344,26,1110
26Lake,84910,1488,26,57
26Livingston,3576772,2976,26,1201
26Mackinac,183695,2928,26,62
26Macomb,5068079,2784,26,1820
26Marquette,206263,2736,26,75
26Mason,70237,1488,26,47
26Menominee,58832,1440,26,40
26Monroe,1697649,2880,26,589
26Montcalm,450208,1488,26,302
26Muskegon,1383436,1440,26,960
26Oakland,24351612,13224,26,1841
26Oceana,172985,1488,26,116
26Ogemaw,73340,1488,26,49
26Ontonagon,50690,1488,26,34
26Osceola,156703,2976,26,52
26Otsego,239474,1488,26,160
26Roscommon,453283,2976,26,152
26Saginaw,1936617,2928,26,661
26Sanilac,278101,4368,26,63
26Schoolcraft,42095,1488,26,28
26Shiawassee,838226,1488,26,563
26St. Clair,890685,2976,26,299
26St. Joseph,165715,1488,26,111
26Van Buren,1026507,2976,26,344
26Washtenaw,1553680,1344,26,1156
26Wayne,35644982,17880,26,1993
26Wexford,134081,1440,26,93
27Steele,503026,2976,27,169
27St. Louis,1976419,11904,27,166
27Polk,141355,2976,27,47
27Olmsted,751499,2976,27,252
27Renville,143495,1488,27,96
27Chippewa,80432,1488,27,54
27Clearwater,273457,4464,27,61
27Wright,1807308,4464,27,404
27nan,2292798,8928,27,256
27Dakota,6656991,7440,27,894
27Clay,423972,2976,27,142
27Ramsey,9511712,4464,27,2130
27Hennepin,22699898,10416,27,2179
27Anoka,1106919,1488,27,743
29Nodaway,53920,1440,29,37
29nan,3978698,21168,29,187
29Buchanan,2005304,9168,29,218
29Holt,292272,2592,29,112
29Daviess,297974,2592,29,114
29Macon,363921,5472,29,66
29Adair,152167,2592,29,58
29Livingston,49593,768,29,64
29Polk,134491,1440,29,93
29Pike,36156,1440,29,25
29Lewis,189095,2880,29,65
29Shelby,50391,1440,29,34
29Audrain,119127,1440,29,82
29Jackson,15494597,28464,29,544
29Clay,2140481,6768,29,316
29Pettis,839851,5328,29,157
29Platte,2250099,4464,29,504
29Cooper,828149,2784,29,297
29Maries,108799,1296,29,83
29Gasconade,56038,1440,29,38
29Cole,2497738,8184,29,305
29Camden,618554,2976,29,207
29Miller,393904,2592,29,151
29Boone,493949,2880,29,171
29St. Louis,16160956,32832,29,492
29St. Charles,4816111,11880,29,405
29Ste. Genevieve,199777,1248,29,160
29Jefferson,215155,1152,29,186
29Barry,145620,1440,29,101
29Lawrence,72310,1152,29,62
29McDonald,349774,2640,29,132
29Jasper,349727,2880,29,121
29Newton,500615,2016,29,248
29Stone,150738,2736,29,55
29Greene,1279226,6432,29,198
29Taney,1101947,7272,29,151
29Wright,50976,1440,29,35
29Howell,213162,2448,29,87
29Washington,174770,1488,29,117
29Dent,34610,576,29,60
29Carter,136343,2880,29,47
29Pulaski,306402,1248,29,245
29Cape Girardeau,100695,1296,29,77
29Pemiscot,426833,3600,29,118
29Butler,193382,2976,29,64
29Dunklin,102563,960,29,106
29Mississippi,318340,2208,29,144
28Adams,665078,2976,28,223
28Amite,67556,1056,28,63
28nan,6085079,30936,28,196
28Attala,320158,4272,28,74
28Calhoun,33164,1248,28,26
28Claiborne,35658,1248,28,28
28Clarke,22585,1152,28,19
28Coahoma,383387,5280,28,72
28Copiah,120169,1248,28,96
28Covington,562243,2880,28,195
28DeSoto,1264421,7872,28,160
28Franklin,111508,2496,28,44
28George,183089,2496,28,73
28Wayne,116453,2688,28,43
28Grenada,419014,2496,28,167
28Hancock,746054,2304,28,323
28Harrison,5824731,20064,28,290
28Hinds,9624475,21456,28,448
28Holmes,364784,2784,28,131
28Humphreys,131370,3648,28,36
28Itawamba,242095,2400,28,100
28Jackson,3984362,15888,28,250
28Jones,875212,2784,28,314
28Lafayette,969115,4992,28,194
28Lamar,726852,5184,28,140
28Lauderdale,514405,4896,28,105
28Lawrence,133349,2496,28,53
28Lee,1038438,5760,28,180
28Pontotoc,894371,2976,28,300
28Leflore,469688,2976,28,157
28Lincoln,496362,2688,28,184
28Lowndes,138287,2496,28,55
28Madison,512078,1536,28,333
28Marshall,172417,768,28,224
28Neshoba,399815,2976,28,134
28Oktibbeha,97532,1248,28,78
28Panola,72813,2352,28,30
28Pearl River,786769,2976,28,264
28Pike,423162,2688,28,157
28Rankin,4774071,12096,28,394
28Scott,397845,2400,28,165
28Stone,463790,2784,28,166
28Sunflower,203999,2496,28,81
28Tishomingo,126706,2208,28,57
28Union,396859,2496,28,158
28Walthall,19119,816,28,23
28Warren,253952,4176,28,60
28Washington,706388,6768,28,104
28Wilkinson,65042,1344,28,48
28Winston,113149,1248,28,90
30Jefferson,359730,5952,30,60
30nan,1203759,8928,30,134
30Wibaux,110481,4464,30,24
30Gallatin,905207,12096,30,74
30Lake,401975,5952,30,67
30Roosevelt,69820,1488,30,46
30Fergus,86888,4368,30,19
30Beaverhead,174729,7248,30,24
30Missoula,1397741,13296,30,105
30Park,362704,4416,30,82
30Lewis and Clark,706512,8832,30,79
30Custer,148690,5472,30,27
30Blaine,80224,3552,30,22
30Flathead,369246,4464,30,82
30Big Horn,105195,4464,30,23
30Cascade,1179119,7440,30,158
30Yellowstone,2612925,18960,30,137
30Rosebud,25814,2880,30,8
30Glacier,107703,2640,30,40
30Garfield,9590,1488,30,6
30Pondera,5308,1488,30,3
30Hill,39927,2976,30,13
30Ravalli,575848,5952,30,96
30Carbon,68267,1392,30,49
30Toole,135860,5952,30,22
30Powder River,20714,1440,30,14
30Deer Lodge,22791,1488,30,15
30Madison,104197,4464,30,23
30Richland,21450,1488,30,14
30Fallon,22003,1488,30,14
30Broadwater,120762,1344,30,89
30Dawson,202858,5952,30,34
30Golden Valley,35449,1488,30,23
30Judith Basin,48279,1488,30,32
30Stillwater,236059,2784,30,84
30Silver Bow,307272,2976,30,103
30Phillips,1350,1488,30,0
30Mineral,120801,2688,30,44
30Sheridan,6675,1344,30,4
37Avery,123705,1344,37,92
37Brunswick,1420676,2784,37,510
37Buncombe,2999628,2976,37,1007
37Burke,1190558,1488,37,800
37Carteret,308075,1200,37,256
37Chatham,739255,2928,37,252
37Cumberland,2958933,4416,37,670
37Dare,130619,2928,37,44
37Duplin,476167,4464,37,106
37Durham,2412328,2976,37,810
37Edgecombe,19776,1488,37,13
37Forsyth,1997149,2976,37,671
37Gaston,102631,2976,37,34
37Guilford,1835040,2400,37,764
37Harnett,445209,1488,37,299
37Haywood,161687,1440,37,112
37Johnston,1925485,2976,37,647
37Lenoir,111955,1488,37,75
37Mecklenburg,1941810,2640,37,735
37Moore,43467,1488,37,29
37Nash,1821364,4464,37,408
37New Hanover,1007848,2976,37,338
37Orange,26128,1488,37,17
37Perquimans,421395,1488,37,283
37Pitt,1006136,2976,37,338
37Sampson,119240,1488,37,80
37Stokes,93500,1488,37,62
37Surry,795846,2880,37,276
37Swain,95833,1488,37,64
37Union,16739,1488,37,11
37Vance,11523,1488,37,7
37Wake,6568218,5952,37,1103
37Wayne,108340,1488,37,72
37Wilkes,254002,1488,37,170
37Camden,344914,1488,37,231
37Catawba,795711,1488,37,534
37Columbus,341853,1488,37,229
37Davidson,625311,1488,37,420
37Hyde,49284,1488,37,33
37Pender,690760,2976,37,232
37Randolph,455667,1488,37,306
38Griggs,19069,1224,38,15
38Cass,683574,2712,38,252
38Hettinger,6865,1248,38,5
38Williams,285238,1344,38,212
38Morton,555972,1440,38,386
38Stark,58157,864,38,67
38Ward,148194,2688,38,55
31Banner,12302,744,31,16
31Dawson,447833,2064,31,216
31Nuckolls,15621,1488,31,10
31Dodge,457787,2976,31,153
31Sarpy,4905345,5952,31,824
31Cass,95744,744,31,128
31Dakota,770110,2976,31,258
31Dawes,57563,744,31,77
31Custer,69531,744,31,93
31Furnas,127702,2232,31,57
31Polk,7220,744,31,9
31Cuming,35664,744,31,47
31Gage,9214,744,31,12
31Brown,15050,744,31,20
31Deuel,176141,2232,31,78
31Lancaster,3046754,7440,31,409
31Chase,14195,744,31,19
31Scotts Bluff,227519,2232,31,101
31Douglas,8937264,7440,31,1201
31Hall,1080873,2976,31,363
31Cedar,90235,2232,31,40
31Lincoln,398473,2232,31,178
31Adams,96314,744,31,129
31Seward,1450291,3720,31,389
31Howard,147625,744,31,198
31Pierce,327557,2976,31,110
31Phelps,161578,2232,31,72
31Hamilton,542610,1488,31,364
31Madison,119489,1488,31,80
31Cherry,20482,1488,31,13
31Garfield,8653,1488,31,5
31York,11011,744,31,14
31Cheyenne,182653,1488,31,122
31Buffalo,477772,1488,31,321
31Thayer,101258,1488,31,68
33Rockingham,8332671,8400,33,991
33Belknap,1077626,3720,33,289
33nan,43135161,77568,33,556
33Merrimack,9473903,10656,33,889
33Hillsborough,5983207,5952,33,1005
33Grafton,2061046,4968,33,414
33Cheshire,578291,1800,33,321
33Sullivan,339831,1488,33,228
33Strafford,2033813,2232,33,911
33Coos,168703,1488,33,113
33Carroll,237972,1344,33,177
34Warren,264218,1488,34,177
34Morris,15729637,28032,34,561
34Passaic,5125055,8928,34,574
34Essex,4712843,9672,34,487
34Mercer,609168,2976,34,204
34Atlantic,1056081,4368,34,241
34Middlesex,7443754,13632,34,546
34Hudson,925498,2976,34,310
34Bergen,3073294,5208,34,590
34Somerset,797204,2976,34,267
34Burlington,1568454,4320,34,363
34Monmouth,74093,1488,34,49
34Cumberland,511893,2784,34,183
34Gloucester,2089837,5952,34,351
34Cape May,215435,2400,34,89
34Sussex,1262752,3720,34,339
34Hunterdon,569914,1488,34,383
34nan,2538360,5952,34,426
34Camden,295702,1488,34,198
35Sandoval,1310722,9888,35,132
35San Juan,1867322,13632,35,136
35Chaves,460649,7728,35,59
35Lincoln,117466,2976,35,39
35Taos,584528,4464,35,130
35De Baca,74950,1488,35,50
35Eddy,715604,9840,35,72
35Lea,447303,5952,35,75
35Quay,380139,2976,35,127
35Colfax,442499,11328,35,39
35Guadalupe,29112,1488,35,19
35Bernalillo,11810470,37200,35,317
35Rio Arriba,523298,5904,35,88
35Torrance,849032,6816,35,124
35nan,2817942,14640,35,192
35Do√±a Ana,2259950,20160,35,112
35Grant,33275,1488,35,22
35Luna,129808,2928,35,44
35Hidalgo,491291,5952,35,82
35Valencia,765766,2784,35,275
35Santa Fe,6329966,35136,35,180
35Union,161344,5088,35,31
35Curry,675568,7392,35,91
35Cibola,542349,2976,35,182
35Socorro,302553,3744,35,80
35San Miguel,290369,3072,35,94
35Sierra,138696,1488,35,93
35Otero,88561,1440,35,61
32Churchill,796136,9744,32,81
32Clark,35647560,107496,32,331
32nan,1155560,11904,32,97
32Douglas,2542545,14880,32,170
32Elko,1101341,15528,32,70
32Esmeralda,51657,1488,32,34
32Humboldt,306044,5256,32,58
32Lander,96285,1728,32,55
32Lincoln,35274,1488,32,23
32Nye,15712,1488,32,10
32Washoe,17626696,71352,32,247
32Carson City,1636203,7440,32,219
32Pershing,197128,2976,32,66
32Storey,52794,1296,32,40
32White Pine,72606,2976,32,24
36Westchester,3771270,13392,36,281
36Bronx,2974177,5208,36,571
36Kings,1328433,5664,36,234
36Richmond,2538476,9672,36,262
36Nassau,19038550,26640,36,714
36Queens,14586693,28344,36,514
36Suffolk,6365937,19368,36,328
36nan,6012080,19848,36,302
36Albany,588044,3720,36,158
36Essex,401033,4464,36,89
36Greene,551579,6696,36,82
36Saratoga,3654119,13392,36,272
36Schenectady,463075,2976,36,155
36Warren,1608576,8184,36,196
36Washington,303530,1488,36,203
36Fulton,377548,4464,36,84
36Hamilton,47218,1488,36,31
36Herkimer,84700,1392,36,60
36Madison,206800,1488,36,138
36Montgomery,124350,1488,36,83
36Oneida,885886,8928,36,99
36Cortland,144475,2976,36,48
36Onondaga,2843959,17112,36,166
36Oswego,982414,7440,36,132
36Seneca,141093,1488,36,94
36Tompkins,810865,3984,36,203
36Wayne,197141,2976,36,66
36Genesee,475173,2976,36,159
36Livingston,85466,1488,36,57
36Monroe,7508471,19344,36,388
36Ontario,585301,5952,36,98
36Wyoming,43784,1488,36,29
36Cattaraugus,1415395,9744,36,145
36Chautauqua,685396,8256,36,83
36Erie,4116298,18192,36,226
36Niagara,921864,5952,36,154
36Allegany,298084,4464,36,66
36Chemung,375370,5952,36,63
36Schuyler,108337,2832,36,38
36Steuben,3172207,22320,36,142
36Tioga,431574,2976,36,145
36Yates,94882,1488,36,63
36Clinton,566362,6912,36,81
36Franklin,884223,5952,36,148
36Jefferson,808613,11904,36,67
36Lewis,92768,2976,36,31
36St. Lawrence,387769,4464,36,86
36Delaware,539567,7056,36,76
36Columbia,123105,2232,36,55
36Dutchess,1272905,2976,36,427
36Orange,3037526,11904,36,255
36Putnam,3367984,8184,36,411
36Rockland,236846,1488,36,159
36Ulster,195789,1488,36,131
36Broome,2954107,11016,36,268
36Chenango,362948,1488,36,243
36Otsego,258314,1488,36,173
36Schoharie,329638,5256,36,62
36Sullivan,884768,8184,36,108
39Clark,419192,2976,39,140
39Guernsey,5683229,9648,39,589
39Perry,117611,1488,39,79
39Jackson,1530521,4464,39,342
39Auglaize,4003273,2976,39,1345
39Union,556607,2976,39,187
39Athens,2173011,7440,39,292
39Shelby,108540,1488,39,72
39Stark,19283191,24960,39,772
39Ashtabula,1535900,5856,39,262
39Montgomery,23326520,31944,39,730
39Franklin,18769807,24264,39,773
39Allen,502001,1488,39,337
39Belmont,5021262,8208,39,611
39Jefferson,1330563,2976,39,447
39Warren,230483,576,39,400
39Trumbull,9830977,17088,39,575
39Cuyahoga,77333104,89280,39,866
39Summit,23495379,31800,39,738
39Madison,4210528,4464,39,943
39Ashland,9217075,8928,39,1032
39Morrow,50978,1488,39,34
39nan,3550600,6816,39,520
39Ottawa,1258113,7440,39,169
39Wyandot,1257610,2976,39,422
39Adams,100114,2976,39,33
39Delaware,216539,2424,39,89
39Clermont,111478,1488,39,74
39Pickaway,17951,744,39,24
39Pike,2307851,2976,39,775
39Hamilton,2394602,4440,39,539
39Mahoning,6240396,9552,39,653
39Licking,7972509,9648,39,826
39Monroe,192138,4464,39,43
39Van Wert,1029161,2976,39,345
39Lucas,18684824,26040,39,717
39Fairfield,3005840,5952,39,505
39Knox,847061,1488,39,569
39Miami,2423859,5952,39,407
39Lake,14922573,17856,39,835
39Erie,5289110,7440,39,710
39Wood,4181663,5952,39,702
39Scioto,251825,2976,39,84
39Holmes,520974,2232,39,233
39Medina,9031975,19344,39,466
39Richland,3487983,4464,39,781
39Tuscarawas,3383419,6144,39,550
39Hancock,3731084,8064,39,462
39Muskingum,2429705,2976,39,816
39Brown,142571,1488,39,95
39Clinton,3638340,5952,39,611
39Lorain,3149036,4464,39,705
39Coshocton,547393,1488,39,367
39Preble,171991,672,39,255
39Mercer,160017,1488,39,107
39Portage,4497060,5568,39,807
39Highland,2634051,1488,39,1770
39Ross,321880,2976,39,108
39Vinton,40060,1488,39,26
39Washington,131776,1488,39,88
39Columbiana,161469,1200,39,134
39Wayne,3840535,4800,39,800
39Crawford,2991194,2976,39,1005
40Cleveland,4785795,12432,40,384
40Canadian,546803,2976,40,183
40Oklahoma,27816221,51696,40,538
40Carter,2003513,5952,40,336
40Creek,484848,2976,40,162
40Tulsa,14010742,38688,40,362
40Comanche,447625,2976,40,150
40Kay,938797,7440,40,126
40Jackson,111130,2976,40,37
40Muskogee,575049,5952,40,96
40Woodward,117927,2976,40,39
40Love,1289056,2976,40,433
40Bryan,1352316,5952,40,227
40Payne,542864,4464,40,121
40Grady,513010,5952,40,86
40Garfield,153617,2784,40,55
40Okmulgee,547033,2976,40,183
40Washita,554703,4176,40,132
40Woods,66809,1440,40,46
40Kingfisher,72293,1440,40,50
40Osage,91374,1488,40,61
40Craig,52426,1488,40,35
40nan,63109,1488,40,42
40Adair,128266,1488,40,86
40Latimer,25067,1488,40,16
40Lincoln,175688,2832,40,62
40Jefferson,121490,2976,40,40
40Hughes,21100,1488,40,14
40Pittsburg,539407,4464,40,120
40Coal,107720,1488,40,72
40Seminole,200769,2976,40,67
40Beckham,310291,2976,40,104
40Major,203679,2976,40,68
40Beaver,263179,5664,40,46
40Caddo,49351,1488,40,33
40Choctaw,158299,2976,40,53
40Washington,457559,2976,40,153
40Murray,659447,2688,40,245
40Wagoner,249175,2688,40,92
40Okfuskee,425824,2976,40,143
40Blaine,151984,2976,40,51
40Pontotoc,216984,2976,40,72
40Mayes,465152,2976,40,156
40Le Flore,253251,1488,40,170
40Sequoyah,533412,2976,40,179
40McClain,1357157,2976,40,456
40Logan,1106635,2976,40,371
41nan,231433,4464,41,51
41Baker,216018,2976,41,72
41Lincoln,1231866,5856,41,210
41Benton,237933,4464,41,53
41Clackamas,5379029,13392,41,401
41Clatsop,552433,2928,41,188
41Columbia,277940,1488,41,186
41Coos,727392,4464,41,162
41Crook,57764,1488,41,38
41Deschutes,6547475,19344,41,338
41Curry,309461,2976,41,103
41Douglas,2189620,8928,41,245
41Gilliam,253129,4368,41,57
41Grant,38490,4032,41,9
41Harney,94815,5328,41,17
41Hood River,555265,2976,41,186
41Jackson,4589623,13056,41,351
41Jefferson,409447,2064,41,198
41Josephine,906179,4320,41,209
41Klamath,1321142,12672,41,104
41Lake,52939,4464,41,11
41Lane,7941333,19248,41,412
41Linn,4130977,8832,41,467
41Malheur,817411,7392,41,110
41Marion,7394565,14784,41,500
41Morrow,390019,2976,41,131
41Multnomah,48558638,20736,41,2341
41Polk,1844195,5952,41,309
41Sherman,315159,2976,41,105
41Tillamook,139749,1488,41,93
41Umatilla,2743927,13248,41,207
41Union,607507,4464,41,136
41Wasco,582245,2976,41,195
41Washington,9778462,8928,41,1095
41Yamhill,1549693,4416,41,350
42Erie,800974,8064,42,99
42Crawford,44913,1488,42,30
42Clearfield,197922,2976,42,66
42Tioga,76827,2976,42,25
42Montgomery,481443,1488,42,323
42Fulton,549936,4464,42,123
42Washington,1670426,6480,42,257
42Elk,60819,1488,42,40
42Susquehanna,49816,1488,42,33
42Schuylkill,119592,1488,42,80
42Potter,79525,1488,42,53
42Cumberland,4454133,9480,42,469
42nan,3025464,8808,42,343
42Lycoming,703063,2784,42,252
42Pike,125826,1488,42,84
42Bedford,106136,1488,42,71
42Clarion,239675,1488,42,161
42Bucks,2974555,7440,42,399
42Lehigh,2579381,5664,42,455
42McKean,120660,1488,42,81
42Union,874722,5952,42,146
42Westmoreland,2153687,5664,42,380
42Allegheny,608454,2688,42,226
42Luzerne,2181619,5952,42,366
42Fayette,496284,2976,42,166
42Mercer,11382,1488,42,7
42Cambria,513087,4272,42,120
42Chester,203463,1488,42,136
42Centre,443078,2208,42,200
44Providence,128460616,138000,44,930
44Kent,42415273,42720,44,992
44Washington,3888491,10800,44,360
44Newport,664415,2880,44,230
44nan,569661,1440,44,395
45Orangeburg,6501343,5208,45,1248
45nan,22152291,15336,45,1444
45Bamberg,60005,744,45,80
45Laurens,16239532,10392,45,1562
45Barnwell,1882959,2976,45,632
45Berkeley,5184488,4776,45,1085
45York,4088069,2976,45,1373
45Richland,16110670,5736,45,2808
45Abbeville,3033141,2208,45,1373
45Darlington,861261,2232,45,385
45Dorchester,2384609,1464,45,1628
45Jasper,2256936,3960,45,569
45Sumter,3236830,1632,45,1983
45Dillon,95551,744,45,128
45Greenwood,106211,1488,45,71
45Kershaw,1034842,744,45,1390
45Beaufort,1703559,1488,45,1144
45Newberry,1955186,2232,45,875
45Lee,377460,408,45,925
45Georgetown,976494,3624,45,269
45Charleston,140577,1368,45,102
45Marion,3760003,2976,45,1263
45Lancaster,2477504,1392,45,1779
45Lexington,3187386,1488,45,2142
45Florence,912472,744,45,1226
45Fairfield,1037183,1416,45,732
45Cherokee,1668628,744,45,2242
45Union,751810,744,45,1010
45Calhoun,1769911,744,45,2378
45Clarendon,365488,552,45,662
45Horry,100954,744,45,135
45Chesterfield,130662,696,45,187
46Meade,6663,1368,46,4
46Lyman,121927,4368,46,27
46Brule,7859,744,46,10
46McCook,12262,1488,46,8
46Union,614029,6600,46,93
46Moody,65675,3720,46,17
46nan,1123568,8184,46,137
46Corson,21312,2016,46,10
46Clay,130476,4320,46,30
46Douglas,12437,1464,46,8
46Jerauld,29081,1488,46,19
46Minnehaha,2830081,15384,46,183
46Hughes,75566,1440,46,52
46Codington,240066,4320,46,55
46Spink,55047,1344,46,40
46Walworth,28688,912,46,31
46Lawrence,356802,5424,46,65
46Sanborn,84456,3840,46,21
46Campbell,0,2976,46,0
46Custer,28891,2232,46,12
46Butte,247581,4392,46,56
46Brown,289489,7440,46,38
46Pennington,3240144,21648,46,149
46Aurora,145750,2976,46,48
46Yankton,66010,1536,46,42
46Beadle,3331,1488,46,2
46Stanley,417875,2976,46,140
46Hutchinson,82919,1488,46,55
46Todd,35398,1488,46,23
46Sully,28170,1488,46,18
46Hanson,194228,2688,46,72
46Kingsbury,7885,288,46,27
46Roberts,122179,2976,46,41
47Sevier,727287,2976,47,244
47Putnam,427058,2976,47,143
47Rutherford,1071856,5952,47,180
47Maury,666950,5664,47,117
47Roane,82449,960,47,85
47Haywood,37526,1008,47,37
47Grundy,93342,1968,47,47
47Hickman,95049,1488,47,63
47Cumberland,91389,2976,47,30
47Madison,33493,1488,47,22
47Perry,61028,1488,47,41
47Monroe,369152,2976,47,124
47Bradley,153341,864,47,177
47Pickett,50653,672,47,75
47Lincoln,81369,2208,47,36
47Humphreys,950470,3840,47,247
47Dickson,501813,4464,47,112
47Grainger,175277,2976,47,58
47Benton,145375,2976,47,48
47Decatur,50095,1488,47,33
47McNairy,208700,2976,47,70
47Hamilton,2321399,7440,47,312
47Davidson,4966268,8352,47,594
47Unicoi,218413,2976,47,73
47Anderson,1178000,2976,47,395
47Smith,2097041,8184,47,256
47Dyer,358565,2976,47,120
47Clay,63310,1488,47,42
47Bledsoe,16640,1488,47,11
47Gibson,51275,1488,47,34
47Hardeman,19926,1488,47,13
47Robertson,787062,4368,47,180
47Coffee,55406,1488,47,37
47DeKalb,4223,744,47,5
47nan,1910840,5952,47,321
47Shelby,140126,1632,47,85
47Henderson,81166,1488,47,54
47Knox,512932,2976,47,172
48Travis,19195226,12816,48,1497
48Tom Green,477431,2976,48,160
48Presidio,68130,2976,48,22
48Milam,162803,1440,48,113
48Hopkins,855461,2928,48,292
48Sutton,285072,1488,48,191
48Lampasas,43590,384,48,113
48Jack,42115,432,48,97
48Dallas,20046281,9408,48,2130
48Taylor,295799,1488,48,198
48Dawson,53389,1488,48,35
48Wharton,161049,2976,48,54
48Haskell,110936,1440,48,77
48Motley,19971,1488,48,13
48Wheeler,348331,2160,48,161
48Collin,4289498,2304,48,1861
48Denton,170217,1440,48,118
48Maverick,278600,2448,48,113
48DeWitt,268427,1440,48,186
48Aransas,103592,1488,48,69
48Houston,210695,1344,48,156
48Grimes,52008,624,48,83
48Bastrop,725313,3936,48,184
48Navarro,940421,1440,48,653
48Cass,195242,1488,48,131
48Stephens,42310,1440,48,29
48Shackelford,59748,1344,48,44
48Martin,22866,1488,48,15
48Mason,84127,1488,48,56
48Live Oak,1121358,3840,48,292
48Armstrong,8432,1488,48,5
48Hidalgo,6476068,9408,48,688
48El Paso,9276703,8352,48,1110
48Pecos,45945,1440,48,31
48Cherokee,11626,336,48,34
48Cooke,280219,2976,48,94
48Van Zandt,69535,1440,48,48
48Fannin,199875,2880,48,69
48Camp,28736,1392,48,20
48Hardin,144531,1344,48,107
48Chambers,944456,2928,48,322
48Nueces,1353887,4272,48,316
48Brown,144184,1440,48,100
48Uvalde,263906,1440,48,183
48Val Verde,610719,6528,48,93
48Harris,39119694,14448,48,2707
48Victoria,817737,1488,48,549
48Gillespie,175942,1488,48,118
48Potter,258309,1488,48,173
48Lubbock,3574176,8784,48,406
48Tarrant,14533229,6816,48,2132
48Kaufman,1384974,1920,48,721
48Runnels,31869,1440,48,22
48Ochiltree,56550,1488,48,38
48Hudspeth,448154,2880,48,155
48Callahan,777692,1440,48,540
48Bexar,34722552,34128,48,1017
48Cameron,3371245,7824,48,430
48Fayette,931968,1488,48,626
48Wichita,3058203,7344,48,416
48Nacogdoches,919965,3600,48,255
48Brazos,1759648,3504,48,502
48Ector,2291717,2592,48,884
48Midland,1647121,2880,48,571
48Madison,206966,336,48,615
48Childress,233982,1488,48,157
48Brazoria,561604,1008,48,557
48Galveston,2546893,2880,48,884
48Jefferson,3057091,1440,48,2122
48Guadalupe,1104455,2592,48,426
48Parker,2186057,1440,48,1518
48Andrews,272536,1104,48,246
48Ward,56019,1008,48,55
48Bell,2983240,4368,48,682
48Kimble,363927,1440,48,252
48Webb,398708,1872,48,212
48Polk,207298,1440,48,143
48Kerr,313273,1440,48,217
48Hunt,1019314,1488,48,685
48Wood,85942,1440,48,59
48Williamson,6053135,4128,48,1466
48Mitchell,480853,1440,48,333
48Culberson,62724,1488,48,42
48Clay,947384,4416,48,214
48Wise,2120890,7392,48,286
48Reeves,163734,1440,48,113
48La Salle,532156,1440,48,369
48San Patricio,537909,2928,48,183
48Llano,119154,1488,48,80
48Zavala,211280,1488,48,141
48Brewster,33051,2352,48,14
48Jeff Davis,24881,1440,48,17
48Terrell,34432,1488,48,23
48Montague,47294,1488,48,31
48Hale,351353,1488,48,236
48Erath,379003,1488,48,254
48Palo Pinto,748431,2976,48,251
48Eastland,627189,1440,48,435
48Archer,174769,2880,48,60
48Throckmorton,56569,2976,48,19
48Baylor,88164,1488,48,59
48Hood,615429,1488,48,413
48Johnson,891224,1488,48,598
48Swisher,267425,1488,48,179
48Garza,249316,1488,48,167
48nan,13085002,22272,48,587
48Angelina,373395,1488,48,250
48Bowie,1589281,1488,48,1068
48Wilbarger,315881,1488,48,212
48Starr,77806,1440,48,54
48Duval,68982,1248,48,55
49Salt Lake,31461316,88656,49,354
49Cache,1782630,12816,49,139
49Rich,71774,2976,49,24
49Sevier,352570,6696,49,52
49Utah,9594768,38760,49,247
49Morgan,465108,3600,49,129
49Wasatch,793065,5952,49,133
49Summit,3645794,16896,49,215
49Box Elder,1684236,10416,49,161
49Millard,380746,2976,49,127
49Carbon,475100,5208,49,91
49Davis,11659284,24816,49,469
49Weber,3996194,11160,49,358
49Tooele,1266428,5952,49,212
49San Juan,189568,4464,49,42
49Iron,518804,4464,49,116
49Washington,5295546,20832,49,254
49Beaver,499258,4464,49,111
49Emery,301104,7344,49,41
49Kane,141346,2976,49,47
49Wayne,9159,1488,49,6
49Piute,49184,2976,49,16
49Grand,125165,2976,49,42
49Uintah,36887,1488,49,24
49Duchesne,328989,3480,49,94
49Juab,324720,4464,49,72
49nan,13760009,43176,49,318
51Wythe,8562057,13392,51,639
51Lee,106764,1488,51,71
51Grayson,46353,1488,51,31
51Bland,662626,2232,51,296
51Russell,555814,2976,51,186
51Scott,334451,1488,51,224
51Tazewell,654928,2736,51,239
51Washington,4490937,8856,51,507
51Bristol,4179420,7416,51,563
51nan,16313790,25224,51,646
51Wise,834949,2976,51,280
51Smyth,1469685,4464,51,329
51Floyd,197612,2976,51,66
51Botetourt,4104008,9504,51,431
51Carroll,2175596,5208,51,417
51Pulaski,3848606,8928,51,431
51Montgomery,4953229,6480,51,764
51Roanoke,13732849,19224,51,714
51Bedford,471065,1488,51,316
51Franklin,721743,2976,51,242
51Giles,287484,1488,51,193
51Henry,683660,4464,51,153
51Lynchburg,1022900,1488,51,687
51Cumberland,218956,2976,51,73
51Pittsylvania,808430,4464,51,181
51Prince Edward,680447,5856,51,116
51Halifax,227444,1488,51,152
51Nelson,483111,2976,51,162
51Appomattox,228006,1488,51,153
51Campbell,1547946,4464,51,346
51Brunswick,2991028,11880,51,251
51Dinwiddie,4162797,12648,51,329
51Goochland,6659427,11160,51,596
51Henrico,63838659,61320,51,1041
51Amelia,468118,2976,51,157
51Petersburg,10645588,18600,51,572
51Hanover,14791141,9432,51,1568
51Prince George,7836223,19272,51,406
51New Kent,4570994,5568,51,820
51Chesterfield,23186745,20832,51,1113
51Powhatan,1394799,1488,51,937
51Richmond,41133507,33984,51,1210
51Colonial Heights,5689057,3720,51,1529
51Mecklenburg,2166909,9672,51,224
51Surry,60609,1488,51,40
51Accomack,597080,2928,51,203
51Southampton,1257389,5952,51,211
51Sussex,4550834,12456,51,365
51Greensville,3128361,5976,51,523
51Newport News,6216959,4464,51,1392
51Norfolk,12221731,13224,51,924
51Emporia,1073839,1488,51,721
51James City,4595737,5208,51,882
51Suffolk,2586643,4464,51,579
51York,3576251,8928,51,400
51Portsmouth,3436928,3696,51,929
51Essex,171584,1488,51,115
51Caroline,3660457,4008,51,913
51Spotsylvania,6810509,3720,51,1830
51Stafford,15157165,7440,51,2037
51Fredericksburg,4489631,3336,51,1345
51Charlottesville,1040170,1488,51,699
51Fauquier,9251189,18432,51,501
51Orange,290787,1488,51,195
51Madison,422586,1488,51,283
51Albemarle,7991003,14832,51,538
51Louisa,2520835,4464,51,564
51Frederick,10778818,18528,51,581
51Rockbridge,5381065,9624,51,559
51Augusta,13054719,23016,51,567
51Warren,1631652,2976,51,548
51Harrisonburg,3028500,4440,51,682
51Shenandoah,8426088,15384,51,547
51Rockingham,6010510,10416,51,577
51Clarke,1018562,2976,51,342
51Prince William,14019853,14640,51,957
51Loudoun,9925807,5952,51,1667
51Fairfax,44967141,29640,51,1517
51Arlington,4326430,4464,51,969
51Chesapeake,8596848,11904,51,722
51Hampton,3605419,4416,51,816
51Virginia Beach,9081723,8784,51,1033
51Isle of Wight,813690,1488,51,546
51King George,373994,1488,51,251
51Culpeper,294158,1488,51,197
51Danville,404859,1440,51,281
51Alleghany,7345,744,51,9
50Addison,378801,3984,50,95
50Bennington,942925,8496,50,110
50Caledonia,503481,6096,50,82
50Chittenden,4103966,11472,50,357
50nan,122029,2592,50,47
50Franklin,300653,2640,50,113
50Grand Isle,309682,3840,50,80
50Lamoille,194680,2976,50,65
50Orange,587753,4224,50,139
50Orleans,99455,2400,50,41
50Rutland,1483864,6960,50,213
50Washington,2834292,11856,50,239
50Windham,2494574,13248,50,188
50Windsor,2147049,11904,50,180
53Grays Harbor,536609,2976,53,180
53King,13072678,23064,53,566
53nan,26153248,46776,53,559
53Pierce,2634374,4464,53,590
53Spokane,4789595,20832,53,229
53Chelan,1428242,5376,53,265
53Yakima,2298305,8928,53,257
53Whatcom,4178089,10416,53,401
53Columbia,57039,2976,53,19
53Clark,1359276,4464,53,304
53Benton,503026,4464,53,112
53Adams,394200,5952,53,66
53Okanogan,248766,4464,53,55
53Whitman,203809,2976,53,68
53Mason,53622,1488,53,36
53Snohomish,5108172,8928,53,572
53Stevens,8724,1488,53,5
53Walla Walla,442,744,53,0
53Thurston,2031302,2976,53,682
53Cowlitz,2540449,5952,53,426
53Lewis,821796,2592,53,317
53Douglas,1496748,3720,53,402
53Island,87710,576,53,152
53Kittitas,616509,2976,53,207
55nan,47590993,195432,55,243
55Bayfield,63195,1104,55,57
55Brown,7481951,27576,55,271
55Buffalo,50740,1104,55,45
55Chippewa,260437,2400,55,108
55Clark,320569,2976,55,107
55Columbia,960823,3312,55,290
55Dane,9666692,29856,55,323
55Door,244137,3384,55,72
55Dunn,599025,2112,55,283
55Florence,48493,480,55,101
55Grant,339156,2784,55,121
55Jefferson,778324,5760,55,135
55Kewaunee,265297,4080,55,65
55Kenosha,273257,1248,55,218
55La Crosse,1568309,9264,55,169
55Langlade,166137,2688,55,61
55Lincoln,73022,1296,55,56
55Manitowoc,148679,2544,55,58
55Marathon,1376089,5808,55,236
55Marinette,884903,11328,55,78
55Milwaukee,1509018,2304,55,654
55Monroe,730450,4608,55,158
55Oconto,1290464,16128,55,80
55Oneida,296506,2976,55,99
55Outagamie,4539079,12672,55,358
55Ozaukee,1083259,5640,55,192
55Polk,392127,3360,55,116
55Portage,2136803,11040,55,193
55Price,74410,1440,55,51
55Racine,261986,2208,55,118
55Rock,1081415,3312,55,326
55St. Croix,2728631,8280,55,329
55Sauk,325724,1680,55,193
55Sawyer,92795,1488,55,62
55Shawano,160054,2400,55,66
55Sheboygan,314743,2544,55,123
55Washburn,95750,2544,55,37
55Waukesha,830955,2304,55,360
55Waushara,326010,4224,55,77
55Winnebago,3525719,13392,55,263
54Summers,160170,2688,54,59
54Tyler,62813,1200,54,52
54Nicholas,157660,2400,54,65
54Wood,130821,2688,54,48
54Wayne,165816,1344,54,123
54Randolph,30096,1248,54,24
54Jackson,20572,1344,54,15
54Ohio,47518,1104,54,43
54Logan,166448,2592,54,64
54Marshall,126356,2400,54,52
54Kanawha,199974,2064,54,96
56Converse,801083,12624,56,63
56Johnson,248412,7440,56,33
56Sweetwater,2457896,24912,56,98
56Campbell,816198,14880,56,54
56Laramie,4283032,39984,56,107
56Natrona,1135166,12816,56,88
56Goshen,172668,4368,56,39
56Fremont,567095,13848,56,40
56Lincoln,228273,9744,56,23
56Carbon,761224,14352,56,53
56Teton,1162085,13536,56,85
56Park,568975,13008,56,43
56Niobrara,66795,4800,56,13
56Crook,159940,6768,56,23
56Sheridan,901742,10800,56,83
56Albany,1329421,13728,56,96
56Sublette,322896,11904,56,27
56nan,1836751,39264,56,46
56Uinta,746740,8880,56,84
56Washakie,185830,4464,56,41
56Big Horn,174341,4368,56,39
56Hot Springs,79744,2544,56,31
56Platte,193476,2976,56,65
56Weston,20693,2208,56,9
